id,class,SNP_01_Enc,SNP_02_Enc,SNP_03_Enc,SNP_04_Enc,SNP_05_Enc,SNP_06_Enc,SNP_07_Enc,SNP_08_Enc,SNP_09_Enc,SNP_10_Enc,SNP_11_Enc,SNP_12_Enc,SNP_13_Enc,SNP_14_Enc,SNP_15_Enc,trait_1,trait_2
TRAIN_000,B,2,1,0,1,1,0,0,2,0,2,1,0,0,0,0,0,1
TRAIN_001,C,1,1,1,0,0,1,0,1,0,1,0,1,2,0,0,0,1
TRAIN_002,B,2,2,0,1,2,2,0,1,1,1,0,0,0,0,0,0,1
TRAIN_003,A,0,2,0,1,0,2,2,0,2,1,2,2,2,0,2,1,0
TRAIN_004,C,2,2,2,0,2,0,0,0,0,2,0,0,1,0,1,0,1
TRAIN_005,B,2,2,1,0,2,0,0,1,0,2,0,0,0,0,0,0,1
TRAIN_006,B,2,1,1,1,0,1,0,2,0,2,1,0,1,0,0,0,1
TRAIN_007,B,2,2,2,1,2,0,1,1,0,2,0,1,0,0,2,0,1
TRAIN_008,B,2,0,1,2,1,0,0,1,0,2,1,0,1,0,0,0,1
TRAIN_009,C,2,2,1,0,2,1,0,2,0,1,1,0,2,0,2,0,1
TRAIN_010,B,2,1,1,1,1,1,0,1,1,2,1,0,1,0,0,0,1
TRAIN_011,B,2,1,2,1,1,1,0,2,0,2,0,1,1,0,0,0,1
TRAIN_012,C,2,1,2,0,0,1,0,1,0,2,0,0,1,0,2,0,1
TRAIN_013,C,1,0,1,1,0,2,0,0,0,0,0,0,1,0,0,0,1
TRAIN_014,B,2,2,0,2,2,0,1,1,0,2,0,0,1,0,0,0,1
TRAIN_015,A,0,2,0,2,0,2,2,0,2,1,1,1,2,2,2,1,0
TRAIN_016,A,0,2,0,2,0,2,2,0,1,2,1,2,2,1,2,1,0
TRAIN_017,A,1,1,0,2,1,1,1,0,1,1,2,1,2,0,2,1,0
TRAIN_018,A,0,2,0,1,0,2,2,0,1,0,2,2,2,1,2,1,0
TRAIN_019,C,2,1,0,0,1,1,0,1,0,1,1,0,1,1,1,0,1
TRAIN_020,B,2,1,1,1,0,1,0,2,0,2,1,0,1,0,2,0,1
TRAIN_021,B,2,1,2,0,2,1,0,2,0,2,2,0,1,0,1,0,1
TRAIN_022,A,0,2,0,1,0,2,2,0,2,1,2,2,2,1,2,1,0
TRAIN_023,B,2,1,2,1,1,1,0,2,0,2,0,0,0,0,1,0,1
TRAIN_024,C,2,0,2,0,0,0,0,1,0,2,0,0,1,0,0,0,1
TRAIN_025,B,2,1,0,1,2,0,0,2,0,2,2,0,1,0,0,0,1
TRAIN_026,B,2,2,2,1,2,0,0,1,0,2,0,1,1,0,0,0,1
TRAIN_027,B,2,2,0,0,2,1,0,1,1,2,1,0,2,0,0,0,1
TRAIN_028,B,2,2,2,1,1,1,0,2,0,2,0,0,1,0,0,0,1
TRAIN_029,A,1,2,0,1,0,2,2,0,1,0,2,2,2,0,2,1,0
TRAIN_030,B,2,1,2,0,2,0,0,2,0,2,0,1,2,0,1,0,1
TRAIN_031,A,0,2,0,2,0,1,1,0,0,0,2,2,1,2,2,1,0
TRAIN_032,B,2,1,2,1,1,1,0,2,0,2,1,0,0,0,0,0,1
TRAIN_033,B,1,2,0,1,2,1,1,1,1,2,1,1,0,0,0,0,1
TRAIN_034,A,0,1,0,1,1,1,1,0,1,0,2,2,2,0,1,1,0
TRAIN_035,C,0,0,0,0,1,0,0,1,0,2,0,0,0,0,1,0,1
TRAIN_036,B,2,1,0,1,0,0,0,1,0,2,0,0,2,0,0,0,1
TRAIN_037,A,0,2,0,1,0,2,2,1,0,0,2,2,2,1,2,1,0
TRAIN_038,B,2,0,2,1,2,2,0,2,0,2,2,1,1,0,0,0,1
TRAIN_039,B,2,0,2,0,1,1,0,2,0,2,2,0,2,0,1,0,1
TRAIN_040,B,2,1,1,0,1,0,0,1,0,2,0,0,0,0,1,0,1
TRAIN_041,B,2,1,1,0,2,1,0,2,0,2,1,1,1,0,0,0,1
TRAIN_042,B,2,0,1,1,1,1,0,2,0,1,0,1,1,0,1,0,1
TRAIN_043,A,0,1,0,2,0,2,2,0,2,0,2,1,1,1,2,1,0
TRAIN_044,C,2,0,0,1,1,1,0,0,0,2,1,1,1,0,0,0,1
TRAIN_045,B,2,1,0,1,2,1,0,1,1,2,1,0,1,0,1,0,1
TRAIN_046,B,2,0,1,1,1,0,0,1,0,2,2,1,2,0,0,0,1
TRAIN_047,A,0,2,0,1,1,2,1,0,0,0,2,2,2,2,2,1,0
TRAIN_048,C,2,1,1,0,1,0,1,1,0,1,0,0,0,0,0,0,1
TRAIN_049,A,0,2,0,1,0,2,2,0,1,0,2,1,2,1,2,1,0
TRAIN_050,A,0,2,0,0,1,1,1,0,0,1,1,2,2,2,1,1,0
TRAIN_051,C,2,0,0,0,1,0,1,1,0,2,0,0,1,0,1,0,1
TRAIN_052,A,0,2,0,2,0,2,2,1,1,1,2,1,2,1,1,1,0
TRAIN_053,C,2,0,0,0,1,1,1,2,0,1,1,0,2,0,1,0,1
TRAIN_054,B,2,1,1,1,2,1,1,2,0,2,1,1,0,0,1,0,1
TRAIN_055,B,2,0,1,1,1,2,0,1,1,2,1,0,1,0,0,0,1
TRAIN_056,A,0,2,0,2,0,2,2,0,2,0,2,2,2,1,2,1,0
TRAIN_057,A,0,2,0,2,0,2,2,0,1,1,2,2,2,2,1,1,0
TRAIN_058,C,2,1,2,0,0,2,0,0,0,2,0,0,2,0,1,0,1
TRAIN_059,C,0,0,1,0,1,0,0,1,0,0,0,0,1,0,0,0,1
TRAIN_060,B,2,1,2,0,2,2,0,2,0,2,1,0,2,0,0,0,1
TRAIN_061,A,0,2,0,1,0,2,2,1,0,1,2,2,2,0,2,1,0
TRAIN_062,C,0,1,0,0,1,2,0,0,0,2,1,1,1,1,0,0,1
TRAIN_063,C,1,0,0,0,1,0,0,1,0,2,0,0,2,0,0,0,1
TRAIN_064,A,1,2,0,1,0,2,2,0,1,1,2,2,2,1,2,1,0
TRAIN_065,C,0,0,0,0,1,2,0,0,0,2,0,1,2,0,1,0,1
TRAIN_066,C,2,0,2,0,1,0,1,1,0,2,0,1,1,0,0,0,1
TRAIN_067,A,0,2,0,2,0,2,2,0,1,1,2,2,2,2,2,1,0
TRAIN_068,B,2,2,1,2,1,1,0,2,0,2,1,0,0,0,0,0,1
TRAIN_069,C,2,0,0,0,0,0,1,1,0,2,1,0,2,0,0,0,1
TRAIN_070,C,1,0,1,0,1,1,0,1,0,1,0,0,2,0,0,0,1
TRAIN_071,C,1,1,1,0,1,1,0,0,0,1,1,0,2,1,1,0,1
TRAIN_072,A,0,2,0,1,1,2,1,0,1,0,2,2,2,2,2,1,0
TRAIN_073,B,1,0,0,1,1,2,0,2,0,2,1,0,2,0,1,0,1
TRAIN_074,B,2,1,1,1,2,0,0,1,0,2,1,0,2,0,1,0,1
TRAIN_075,B,1,2,1,0,1,1,0,2,0,2,1,1,0,0,1,0,1
TRAIN_076,C,2,0,0,1,0,1,0,2,1,1,0,0,2,1,0,0,1
TRAIN_077,B,2,2,1,0,2,1,0,1,0,2,1,0,0,0,0,0,1
TRAIN_078,C,2,0,1,0,1,0,1,2,0,2,0,0,1,0,1,0,1
TRAIN_079,A,0,2,0,1,0,2,2,0,0,0,2,2,2,1,2,1,0
TRAIN_080,B,1,2,1,0,2,1,0,1,0,2,1,0,1,0,0,0,1
TRAIN_081,B,2,1,1,0,2,1,0,0,1,2,0,1,1,0,0,0,1
TRAIN_082,C,1,0,0,0,1,1,0,0,0,0,0,0,1,1,0,0,1
TRAIN_083,A,1,2,0,1,0,2,2,0,1,0,2,2,2,2,2,1,0
TRAIN_084,C,2,0,2,0,0,0,1,2,0,2,0,1,2,0,0,0,1
TRAIN_085,A,0,2,0,1,0,1,1,0,0,1,2,2,2,2,1,1,0
TRAIN_086,C,2,0,1,0,2,0,0,0,0,0,1,0,0,2,0,0,1
TRAIN_087,C,2,0,1,0,0,1,0,1,0,2,1,0,1,0,1,0,1
TRAIN_088,C,2,1,0,0,1,1,1,1,0,2,1,0,0,0,1,0,1
TRAIN_089,B,2,2,0,0,1,0,0,1,0,2,0,0,1,0,0,0,1
TRAIN_090,B,2,1,1,0,1,2,0,2,1,2,1,1,0,0,0,0,1
TRAIN_091,B,2,2,2,1,2,1,1,2,0,2,1,0,1,0,1,0,1
TRAIN_092,C,2,0,2,0,0,1,0,1,0,2,0,0,2,0,2,0,1
TRAIN_093,C,2,2,1,0,2,1,0,1,0,2,1,0,0,0,2,0,1
TRAIN_094,B,2,1,1,0,2,0,0,2,0,2,1,0,1,0,0,0,1
TRAIN_095,B,2,1,1,0,2,1,0,1,1,2,0,0,0,0,0,0,1
TRAIN_096,C,1,1,2,1,0,0,0,2,0,2,0,1,2,1,1,0,1
TRAIN_097,A,0,2,0,1,1,1,1,1,0,1,2,2,2,1,2,1,0
TRAIN_098,A,1,2,0,1,0,2,2,0,0,2,2,1,2,1,1,1,0
TRAIN_099,B,1,2,2,0,2,1,0,2,1,2,2,1,1,0,1,0,1
TRAIN_100,A,1,2,0,2,0,2,2,0,2,0,2,1,2,1,1,1,0
TRAIN_101,B,2,2,2,1,2,1,0,2,0,2,2,1,1,0,1,0,1
TRAIN_102,A,1,2,0,2,1,1,1,0,1,0,2,1,2,1,0,1,0
TRAIN_103,B,2,0,1,0,2,1,0,2,0,2,0,0,1,0,1,0,1
TRAIN_104,A,0,2,0,2,0,2,2,0,1,1,2,1,2,1,2,1,0
TRAIN_105,B,1,2,1,0,0,1,0,2,0,2,0,1,0,0,0,0,1
TRAIN_106,A,2,2,0,1,0,1,2,0,0,1,2,2,2,1,2,1,0
TRAIN_107,B,2,0,1,1,1,2,0,2,0,2,1,2,2,0,0,0,1
TRAIN_108,B,2,0,1,0,0,1,0,2,0,2,2,0,2,0,0,0,1
TRAIN_109,C,1,0,2,1,1,1,0,0,0,2,0,0,2,0,1,0,1
TRAIN_110,B,2,0,1,1,0,1,0,2,0,2,0,0,1,0,1,0,1
TRAIN_111,B,2,1,2,1,2,0,0,1,0,2,1,1,1,0,1,0,1
TRAIN_112,B,1,1,1,2,2,1,0,2,0,1,0,0,0,0,1,0,1
TRAIN_113,B,1,1,2,0,2,1,0,2,1,2,1,1,0,0,0,0,1
TRAIN_114,B,2,2,1,0,1,1,0,2,0,2,1,0,1,0,0,0,1
TRAIN_115,B,2,1,1,0,0,1,0,1,0,2,1,1,1,0,0,0,1
TRAIN_116,B,2,1,0,2,2,0,0,1,0,2,0,0,0,0,0,0,1
TRAIN_117,A,0,2,0,2,0,2,2,0,1,0,2,2,2,2,2,1,0
TRAIN_118,C,1,2,0,0,1,2,0,0,0,0,1,0,1,0,1,0,1
TRAIN_119,C,1,2,1,1,0,0,0,2,0,2,0,1,1,0,1,0,1
TRAIN_120,B,2,1,1,1,2,0,0,0,0,2,2,0,2,0,0,0,1
TRAIN_121,B,2,2,1,0,2,1,0,2,0,2,1,0,1,0,1,0,1
TRAIN_122,C,2,0,0,0,1,2,0,1,0,0,2,0,1,0,1,0,1
TRAIN_123,A,1,1,0,2,0,2,2,0,2,0,2,1,2,1,1,1,0
TRAIN_124,A,0,2,0,2,0,1,1,0,2,0,2,2,2,2,2,1,0
TRAIN_125,B,2,2,1,1,2,0,0,2,0,2,0,0,0,0,1,0,1
TRAIN_126,B,2,2,1,1,1,1,0,1,0,2,0,0,1,0,0,0,1
TRAIN_127,A,0,2,0,2,0,2,2,1,1,1,2,1,2,1,1,1,0
TRAIN_128,C,2,1,0,0,1,1,0,1,0,1,0,1,1,0,1,0,1
TRAIN_129,C,2,1,1,0,0,1,1,1,0,2,1,0,0,0,0,0,1
TRAIN_130,C,2,1,1,0,1,1,0,0,0,1,0,1,2,0,1,0,1
TRAIN_131,A,0,2,0,1,0,2,2,1,1,1,2,1,2,0,1,1,0
TRAIN_132,B,2,2,2,1,1,2,0,2,0,2,2,0,2,0,1,0,1
TRAIN_133,C,2,1,1,0,2,2,0,0,0,0,0,1,2,0,1,0,1
TRAIN_134,A,0,2,0,2,0,2,2,0,2,1,1,2,2,2,2,1,0
TRAIN_135,B,2,1,2,0,2,0,0,2,1,2,1,1,2,0,0,0,1
TRAIN_136,C,1,1,0,0,2,2,0,0,0,1,1,0,1,1,1,0,1
TRAIN_137,A,0,2,0,2,0,2,2,1,0,0,2,1,2,1,1,1,0
TRAIN_138,C,0,1,1,0,0,1,0,1,0,2,0,0,0,0,0,0,1
TRAIN_139,B,2,2,1,1,2,0,0,2,0,2,0,0,0,0,1,0,1
TRAIN_140,B,2,2,1,1,2,1,1,2,0,2,1,0,0,0,1,0,1
TRAIN_141,C,2,1,1,0,0,1,0,1,0,1,1,0,2,1,2,0,1
TRAIN_142,C,1,1,0,0,1,1,0,0,0,1,1,0,1,1,1,0,1
TRAIN_143,B,1,1,0,2,2,1,0,2,0,2,0,0,0,0,0,0,1
TRAIN_144,B,2,1,1,0,2,0,0,1,0,2,0,0,0,0,1,0,1
TRAIN_145,B,1,0,1,0,2,0,0,2,1,2,2,0,0,0,1,0,1
TRAIN_146,C,1,0,0,0,1,0,0,1,0,0,0,0,1,1,1,0,1
TRAIN_147,C,1,1,1,0,2,0,0,0,0,1,1,0,2,1,1,0,1
TRAIN_148,A,1,2,0,1,1,1,1,0,1,0,2,1,2,1,0,1,0
TRAIN_149,B,2,1,2,0,2,0,0,2,1,2,2,0,0,0,1,0,1
TRAIN_150,A,2,2,0,2,0,2,2,0,2,0,2,2,2,1,2,1,0
TRAIN_151,C,1,1,1,0,1,1,0,1,0,1,0,0,0,0,1,0,1
TRAIN_152,C,2,0,1,0,1,1,0,1,0,2,1,1,1,0,0,0,1
TRAIN_153,C,1,0,1,0,0,1,1,1,0,2,0,0,2,0,0,0,1
TRAIN_154,B,1,1,2,0,1,1,0,2,0,2,1,0,1,0,1,0,1
TRAIN_155,A,0,2,0,0,0,1,2,1,0,1,2,2,2,1,2,1,0
TRAIN_156,B,2,1,2,1,2,0,0,1,0,2,2,0,1,0,0,0,1
TRAIN_157,B,2,2,1,0,2,2,0,1,1,2,2,0,1,0,0,0,1
TRAIN_158,B,2,2,1,2,1,2,0,2,0,2,2,0,2,0,1,0,1
TRAIN_159,B,2,2,1,1,2,1,1,1,0,2,1,0,1,0,0,0,1
TRAIN_160,B,1,0,2,1,2,1,0,1,0,2,0,1,1,0,0,0,1
TRAIN_161,A,0,2,0,1,1,1,1,0,1,0,1,2,2,1,1,1,0
TRAIN_162,B,2,2,2,0,2,1,0,1,0,2,1,0,1,0,1,0,1
TRAIN_163,C,1,2,1,0,2,1,0,0,0,2,0,0,1,1,1,0,1
TRAIN_164,B,2,1,1,1,1,2,0,1,1,2,1,0,2,0,0,0,1
TRAIN_165,B,2,1,0,0,1,1,0,0,1,2,0,0,0,0,0,0,1
TRAIN_166,B,2,1,0,1,2,1,0,1,0,2,2,0,0,0,0,0,1
TRAIN_167,A,0,2,0,2,0,2,2,1,1,1,2,2,2,1,2,1,0
TRAIN_168,A,2,2,0,2,0,2,2,0,1,0,2,2,2,2,1,1,0
TRAIN_169,C,2,0,1,0,1,0,0,1,0,0,0,0,1,0,1,0,1
TRAIN_170,C,1,0,2,0,0,0,1,2,0,1,0,0,2,0,1,0,1
TRAIN_171,A,1,2,0,2,0,2,2,0,2,0,2,1,2,2,1,1,0
TRAIN_172,A,1,1,0,1,1,1,1,0,1,1,2,2,2,1,2,1,0
TRAIN_173,C,2,1,0,0,0,0,1,2,0,2,1,1,1,0,0,0,1
TRAIN_174,C,2,1,0,0,0,1,0,1,0,2,0,1,1,0,0,0,1
TRAIN_175,C,2,0,1,0,2,1,0,1,0,1,0,0,1,0,2,0,1
TRAIN_176,C,2,1,2,0,0,1,0,1,0,1,0,0,2,0,1,0,1
TRAIN_177,A,0,2,0,2,0,2,2,0,2,1,1,2,2,1,2,1,0
TRAIN_178,C,1,1,0,0,0,0,1,2,0,1,0,0,1,0,0,0,1
TRAIN_179,A,1,2,0,1,1,1,1,0,1,1,1,2,2,2,2,1,0
TRAIN_180,A,0,2,0,1,1,1,1,0,0,1,2,2,2,2,0,1,0
TRAIN_181,C,2,0,0,0,2,0,0,0,0,1,1,0,0,1,0,0,1
TRAIN_182,A,0,2,0,1,0,1,1,0,1,0,2,2,1,2,2,1,0
TRAIN_183,C,1,0,0,0,1,1,0,0,0,1,1,1,2,0,1,0,1
TRAIN_184,C,1,0,1,1,0,0,1,2,0,2,1,0,1,1,0,0,1
TRAIN_185,B,1,0,0,0,2,0,0,2,0,2,0,0,1,0,0,0,1
TRAIN_186,B,1,1,1,0,2,1,0,2,0,2,2,1,0,0,0,0,1
TRAIN_187,C,2,1,0,0,1,0,0,1,0,2,0,2,2,0,0,0,1
TRAIN_188,B,2,2,2,0,1,1,0,2,0,2,0,2,0,0,0,0,1
TRAIN_189,C,2,0,1,0,0,1,0,1,0,1,0,0,1,0,0,0,1
TRAIN_190,C,2,0,0,1,1,1,1,1,0,2,0,0,1,1,0,0,1
TRAIN_191,B,2,1,0,0,2,0,0,2,0,2,1,0,1,0,1,0,1
TRAIN_192,B,2,1,0,0,2,1,0,0,0,2,2,0,1,0,0,0,1
TRAIN_193,B,2,1,2,1,2,0,0,2,0,2,1,0,0,0,0,0,1
TRAIN_194,A,0,2,0,2,0,2,2,0,2,1,1,2,2,1,2,1,0
TRAIN_195,B,2,1,1,1,2,2,0,1,0,2,0,0,1,0,0,0,1
TRAIN_196,B,1,0,1,1,1,2,0,2,0,2,0,0,0,0,0,0,1
TRAIN_197,C,2,0,0,1,1,2,0,1,0,2,0,0,1,2,1,0,1
TRAIN_198,B,2,1,1,0,2,0,0,2,1,2,2,0,1,0,1,0,1
TRAIN_199,C,2,0,1,0,1,0,1,1,0,2,2,1,1,0,0,0,1
TRAIN_200,A,1,2,0,2,0,2,2,0,2,1,1,1,2,1,0,1,0
TRAIN_201,B,2,2,0,0,2,2,0,0,2,2,0,1,1,0,0,0,1
TRAIN_202,A,0,2,0,2,0,2,2,0,1,0,1,2,2,1,2,1,0
TRAIN_203,B,2,0,1,0,2,0,0,2,0,2,2,1,1,0,1,0,1
TRAIN_204,A,0,2,0,1,0,2,2,0,1,1,2,2,2,0,2,1,0
TRAIN_205,C,1,1,1,0,1,1,0,1,0,2,2,1,2,0,1,0,1
TRAIN_206,C,2,1,1,0,0,0,1,2,0,2,0,0,1,0,0,0,1
TRAIN_207,B,2,1,1,2,1,2,0,1,1,2,1,0,1,0,0,0,1
TRAIN_208,C,2,0,1,0,0,1,0,2,0,2,0,0,1,1,2,0,1
TRAIN_209,B,1,0,2,2,1,1,0,2,0,2,1,1,1,0,0,0,1
TRAIN_210,C,2,2,2,0,0,1,0,1,0,1,0,1,2,0,1,0,1
TRAIN_211,B,1,1,1,0,2,1,0,1,1,2,1,1,0,0,0,0,1
TRAIN_212,A,0,2,0,1,1,1,1,0,1,2,1,1,2,0,1,1,0
TRAIN_213,A,0,2,0,2,0,2,2,0,2,1,2,1,2,1,2,1,0
TRAIN_214,B,2,0,2,0,2,1,0,2,0,2,0,0,1,0,1,0,1
TRAIN_215,C,1,1,2,0,0,1,0,1,0,2,0,1,1,1,0,0,1
TRAIN_216,A,1,2,0,2,0,2,2,0,2,0,2,2,2,2,1,1,0
TRAIN_217,A,1,2,0,1,0,1,2,0,2,0,2,2,2,1,1,1,0
TRAIN_218,C,2,1,0,0,1,2,0,1,0,0,0,0,2,0,1,0,1
TRAIN_219,B,2,2,2,2,1,2,0,2,0,2,1,0,2,0,0,0,1
TRAIN_220,A,1,2,0,2,0,2,2,0,2,0,2,2,2,1,2,1,0
TRAIN_221,B,1,1,2,0,2,0,0,2,0,2,2,0,0,0,0,0,1
TRAIN_222,B,2,2,1,0,2,1,0,1,0,2,2,1,0,0,0,0,1
TRAIN_223,B,2,1,1,1,2,2,0,1,0,2,2,0,1,0,0,0,1
TRAIN_224,A,1,1,0,2,1,1,1,0,1,1,2,2,2,2,2,1,0
TRAIN_225,B,2,0,0,1,2,1,0,0,1,2,0,0,0,0,1,0,1
TRAIN_226,B,2,1,1,2,2,2,0,1,0,2,1,0,0,0,1,0,1
TRAIN_227,B,2,2,1,1,2,0,0,1,0,2,1,2,1,0,1,0,1
TRAIN_228,B,1,1,1,0,2,1,0,2,0,2,1,0,0,0,0,0,1
TRAIN_229,A,0,2,0,2,0,2,2,0,1,1,2,2,2,2,1,1,0
TRAIN_230,C,2,0,2,0,1,0,1,1,0,1,1,1,2,0,1,0,1
TRAIN_231,C,2,1,2,0,0,1,1,1,0,1,1,0,1,0,1,0,1
TRAIN_232,B,1,1,0,2,2,2,1,2,0,2,1,1,1,0,0,0,1
TRAIN_233,C,2,2,0,0,1,0,0,0,0,1,0,0,2,0,1,0,1
TRAIN_234,B,2,1,1,1,2,1,0,1,0,1,1,0,0,0,0,0,1
TRAIN_235,C,2,1,1,0,1,1,0,0,0,0,1,0,1,0,0,0,1
TRAIN_236,B,1,1,2,1,1,1,0,2,1,2,1,0,2,0,0,0,1
TRAIN_237,A,0,2,0,2,0,2,2,0,2,0,2,2,2,1,2,1,0
TRAIN_238,C,1,1,2,0,0,1,0,1,0,1,0,0,1,0,0,0,1
TRAIN_239,A,0,2,0,1,0,2,2,0,2,1,1,1,2,1,1,1,0
TRAIN_240,A,0,2,0,1,0,2,2,0,2,1,2,2,2,0,2,1,0
TRAIN_241,C,1,1,0,0,0,1,1,1,0,1,1,0,2,0,1,0,1
TRAIN_242,C,2,1,1,0,1,1,0,1,0,1,0,0,2,0,2,0,1
TRAIN_243,B,1,2,0,1,2,1,0,1,0,2,1,0,1,0,1,0,1
TRAIN_244,B,2,1,0,1,1,1,0,2,0,2,1,0,1,0,0,0,1
TRAIN_245,B,2,2,2,1,1,0,0,2,0,2,1,2,0,0,0,0,1
TRAIN_246,A,1,2,0,2,0,2,2,0,1,1,2,2,2,2,2,1,0
TRAIN_247,B,2,1,0,0,2,1,0,2,0,2,1,1,1,0,2,0,1
TRAIN_248,A,1,2,0,2,0,2,2,0,2,1,2,2,2,1,1,1,0
TRAIN_249,B,2,1,1,1,2,2,0,0,0,2,1,0,0,0,1,0,1
TRAIN_250,A,1,2,0,2,0,2,2,0,2,0,2,2,2,0,1,1,0
TRAIN_251,C,2,0,2,0,0,0,0,2,0,2,1,1,2,0,1,0,1
TRAIN_252,B,2,1,1,0,1,0,0,2,0,2,1,0,1,0,0,0,1
TRAIN_253,A,0,2,0,2,0,2,2,1,1,0,2,0,2,0,2,1,0
TRAIN_254,B,1,1,1,0,1,1,0,2,0,2,1,1,1,0,0,0,1
TRAIN_255,B,1,2,1,1,2,1,1,2,0,2,2,0,0,0,1,0,1
TRAIN_256,B,2,2,1,1,2,1,0,2,0,2,1,1,0,0,0,0,1
TRAIN_257,B,1,1,0,1,2,1,0,1,0,2,1,1,0,0,0,0,1
TRAIN_258,C,2,0,1,0,0,1,1,1,0,1,1,0,1,0,1,0,1
TRAIN_259,A,1,2,0,1,0,1,2,1,1,0,2,2,2,1,2,1,0
TRAIN_260,A,0,2,0,1,0,2,2,0,1,1,1,1,2,1,2,1,0
TRAIN_261,B,2,1,1,2,2,1,0,0,0,2,0,0,2,0,1,0,1
